id,First Name,Last Name,Email Address,Phone Number,Street Address,City,State/Province,Postal Code,Country,Account Number,Middle Name,Alternate Phone Number,Company Name,Job Title,Street Address,City,State/Province,Postal Code,Country,Date of Birth,Gender,Preferred Contact Method,Additional comments,Freight Forwarder,Agent,Customer,SMS Updates,Email Tracking,Emergency Contact Name,Emergency Contact Relationship,Emergency Contact Phone Number,Secondary Contact Name,Secondary Contact Relationship,Secondary Contact Phone Number,Secondary Contact Email,Tertiary Contact Name,Tertiary Contact Relationship,Tertiary Contact Phone Number,Tertiary Contact Email,Feedback and Ratings,Facebook Profile URL,Twitter Handle,LinkedIn Profile URL,Instagram Username,YouTube Channel URL,Pinterest Username,Snapchat Username,TikTok Username,Reddit Username,Personal Blog URL
1,John,Doe,john.doe1@example.com,123-456-7890,123 Main St,New York,NY,10001,USA,9876543210A,Robert,234-567-8910,Acme Corp.,Manager,456 Maple St,New York,NY,10002,USA,01/01/1990,Male,Email,"Likes new products",Yes,No,Yes,Yes,No,Robert,Father,234-567-8911,Anna,Wife,234-567-8912,anna1@example.com,James,Brother,234-567-8913,james1@example.com,5/5,facebook.com/johndoe1,@johndoe1,linkedin.com/in/johndoe1,@johndoe1,youtube.com/johndoe1,@johndoe1,@johndoe1,@johndoe1,@johndoe1,johndoe-blog1.com
2,Alice,Smith,alice.smith2@example.com,234-567-8910,456 Elm St,Los Angeles,CA,90001,USA,9876543210B,Mary,345-678-9012,Global Corp.,CEO,789 Oak St,Los Angeles,CA,90002,USA,02/02/1985,Female,Phone,"Prefers older models",No,Yes,No,No,Yes,Mary,Mother,345-678-9013,Bob,Husband,345-678-9014,bob2@example.com,Susan,Sister,345-678-9015,susan2@example.com,4/5,facebook.com/alicesmith2,@alicesmith2,linkedin.com/in/alicesmith2,@alicesmith2,youtube.com/alicesmith2,@alicesmith2,@alicesmith2,@alicesmith2,@alicesmith2,alicesmith-blog2.com
3,Brian,Taylor,brian.taylor3@example.com,345-678-9012,789 Birch St,Chicago,IL,60001,USA,9876543210C,James,456-789-0123,Mega Corp.,Analyst,101 Pine St,Chicago,IL,60002,USA,03/03/1980,Male,SMS,"Needs assistance",Yes,Yes,No,No,Yes,James,Friend,456-789-0124,Emma,Daughter,456-789-0125,emma3@example.com,Mia,Wife,456-789-0126,mia3@example.com,3/5,facebook.com/briantaylor3,@briantaylor3,linkedin.com/in/briantaylor3,@briantaylor3,youtube.com/briantaylor3,@briantaylor3,@briantaylor3,@briantaylor3,@briantaylor3,briantaylor-blog3.com
4,David,Lee,david.lee4@example.com,456-789-0123,112 Oak St,San Francisco,CA,94102,USA,9876543210D,Alan,567-890-1234,Techies Inc.,Developer,223 Cedar St,San Francisco,CA,94103,USA,04/04/1985,Male,Phone,"Loves tech support",No,No,Yes,Yes,Yes,Alan,Brother,567-890-1235,Grace,Mother,567-890-1236,grace4@example.com,Lucy,Sister,567-890-1237,lucy4@example.com,4.5/5,facebook.com/davidlee4,@davidlee4,linkedin.com/in/davidlee4,@davidlee4,youtube.com/davidlee4,@davidlee4,@davidlee4,@davidlee4,@davidlee4,davidlee-blog4.com
5,Eva,Chen,eva.chen5@example.com,567-890-1234,445 Maple St,Seattle,WA,98101,USA,9876543210E,Lisa,678-901-2345,HealthFirst,Doctor,556 Pine St,Seattle,WA,98102,USA,05/05/1990,Female,Email,"Needs medical supplies",Yes,Yes,No,No,No,Lisa,Sister,678-901-2346,Adam,Father,678-901-2347,adam5@example.com,Ryan,Brother,678-901-2348,ryan5@example.com,4/5,facebook.com/evachen5,@evachen5,linkedin.com/in/evachen5,@evachen5,youtube.com/evachen5,@evachen5,@evachen5,@evachen5,@evachen5,evachen-blog5.com
6,Frank,White,frank.white6@example.com,678-901-2345,223 Birch St,Austin,TX,73301,USA,9876543210F,Paul,789-012-3456,EduWorld,Teacher,334 Oak St,Austin,TX,73302,USA,06/06/1980,Male,SMS,"Loves the library",No,Yes,Yes,No,No,Paul,Friend,789-012-3457,Laura,Wife,789-012-3458,laura6@example.com,Eric,Son,789-012-3459,eric6@example.com,4.5/5,facebook.com/frankwhite6,@frankwhite6,linkedin.com/in/frankwhite6,@frankwhite6,youtube.com/frankwhite6,@frankwhite6,@frankwhite6,@frankwhite6,@frankwhite6,frankwhite-blog6.com
7,Grace,Park,grace.park7@example.com,789-012-3456,556 Cedar St,Dallas,TX,75201,USA,9876543210G,Anna,890-123-4567,FinCorp.,Accountant,667 Maple St,Dallas,TX,75202,USA,07/07/1985,Female,Email,"Needs financial advice",Yes,No,Yes,Yes,No,Anna,Mother,890-123-4568,Ben,Brother,890-123-4569,ben7@example.com,Olivia,Daughter,890-123-4570,olivia7@example.com,5/5,facebook.com/gracepark7,@gracepark7,linkedin.com/in/gracepark7,@gracepark7,youtube.com/gracepark7,@gracepark7,@gracepark7,@gracepark7,@gracepark7,gracepark-blog7.com
8,Harry,Brown,harry.brown8@example.com,890-123-4567,889 Pine St,Denver,CO,80201,USA,9876543210H,John,901-234-5678,TechStart,Engineer,990 Elm St,Denver,CO,80202,USA,08/08/1980,Male,Phone,"Tech enthusiast",No,No,Yes,Yes,Yes,John,Friend,901-234-5679,Eliza,Sister,901-234-5680,eliza8@example.com,Max,Brother,901-234-5681,max8@example.com,5/5,facebook.com/harrybrown8,@harrybrown8,linkedin.com/in/harrybrown8,@harrybrown8,youtube.com/harrybrown8,@harrybrown8,@harrybrown8,@harrybrown8,@harrybrown8,harrybrown-blog8.com
9,Irene,Kim,irene.kim9@example.com,901-234-5678,1122 Birch St,Atlanta,GA,30301,USA,9876543210I,Linda,012-345-6789,Global Markets,Trader,1133 Oak St,Atlanta,GA,30302,USA,09/09/1985,Female,SMS,"Loves the stock market",No,Yes,No,No,Yes,Linda,Aunt,012-345-6790,Steve,Uncle,012-345-6791,steve9@example.com,Eva,Cousin,012-345-6792,eva9@example.com,4.5/5,facebook.com/irenekim9,@irenekim9,linkedin.com/in/irenekim9,@irenekim9,youtube.com/irenekim9,@irenekim9,@irenekim9,@irenekim9,@irenekim9,irenekim-blog9.com
10,Jack,Miller,jack.miller10@example.com,012-345-6789,3344 Cedar St,Phoenix,AZ,85001,USA,9876543210J,George,123-456-7890,AutoMax,Driver,3355 Maple St,Phoenix,AZ,85002,USA,10/10/1980,Male,Email,"Loves cars",Yes,No,Yes,No,No,George,Brother,123-456-7891,Susan,Mother,123-456-7892,susan10@example.com,Rachel,Wife,123-456-7893,rachel10@example.com,5/5,facebook.com/jackmiller10,@jackmiller10,linkedin.com/in/jackmiller10,@jackmiller10,youtube.com/jackmiller10,@jackmiller10,@jackmiller10,@jackmiller10,@jackmiller10,jackmiller-blog10.com